,bc_rank,barcode,count,sample,sample_number,barcoded_segments,step,replicate,titer,gene,datatype,datafile
10244,0,TTAATTTTAAATACTG,182081,4_Rescue_bcNA_NA,4,bcNA,Rescue,None,5623.4130000000005,fluNA,viral_barcode_fastqs,4-Rescue-bcNA-NA_S16_L001_R1_001.fastq.gz
10245,1,GGATTCTTGAATTTGC,170281,4_Rescue_bcNA_NA,4,bcNA,Rescue,None,5623.4130000000005,fluNA,viral_barcode_fastqs,4-Rescue-bcNA-NA_S16_L001_R1_001.fastq.gz
10246,2,ATACCTATTTTCTACC,102566,4_Rescue_bcNA_NA,4,bcNA,Rescue,None,5623.4130000000005,fluNA,viral_barcode_fastqs,4-Rescue-bcNA-NA_S16_L001_R1_001.fastq.gz
10247,3,GGGGTTTCGTACTCCA,94425,4_Rescue_bcNA_NA,4,bcNA,Rescue,None,5623.4130000000005,fluNA,viral_barcode_fastqs,4-Rescue-bcNA-NA_S16_L001_R1_001.fastq.gz
10248,4,CTGAAACGCTAGGGGT,50960,4_Rescue_bcNA_NA,4,bcNA,Rescue,None,5623.4130000000005,fluNA,viral_barcode_fastqs,4-Rescue-bcNA-NA_S16_L001_R1_001.fastq.gz
10249,5,CCCGGTTGGAGCAAAT,39135,4_Rescue_bcNA_NA,4,bcNA,Rescue,None,5623.4130000000005,fluNA,viral_barcode_fastqs,4-Rescue-bcNA-NA_S16_L001_R1_001.fastq.gz
10250,6,GAACGGGATGGCTTGA,31728,4_Rescue_bcNA_NA,4,bcNA,Rescue,None,5623.4130000000005,fluNA,viral_barcode_fastqs,4-Rescue-bcNA-NA_S16_L001_R1_001.fastq.gz
10251,7,CAACGAATTCTTTCAA,27917,4_Rescue_bcNA_NA,4,bcNA,Rescue,None,5623.4130000000005,fluNA,viral_barcode_fastqs,4-Rescue-bcNA-NA_S16_L001_R1_001.fastq.gz
10252,8,AAACAATTGATAGATC,17397,4_Rescue_bcNA_NA,4,bcNA,Rescue,None,5623.4130000000005,fluNA,viral_barcode_fastqs,4-Rescue-bcNA-NA_S16_L001_R1_001.fastq.gz
10253,9,CGGGATATTTAATACA,7885,4_Rescue_bcNA_NA,4,bcNA,Rescue,None,5623.4130000000005,fluNA,viral_barcode_fastqs,4-Rescue-bcNA-NA_S16_L001_R1_001.fastq.gz
10254,10,CAGAAAGCTTGTTCAC,6400,4_Rescue_bcNA_NA,4,bcNA,Rescue,None,5623.4130000000005,fluNA,viral_barcode_fastqs,4-Rescue-bcNA-NA_S16_L001_R1_001.fastq.gz
10255,11,CCTAGTCTGTACTACT,5174,4_Rescue_bcNA_NA,4,bcNA,Rescue,None,5623.4130000000005,fluNA,viral_barcode_fastqs,4-Rescue-bcNA-NA_S16_L001_R1_001.fastq.gz
10256,12,AGAATGGATTTCAGTG,2292,4_Rescue_bcNA_NA,4,bcNA,Rescue,None,5623.4130000000005,fluNA,viral_barcode_fastqs,4-Rescue-bcNA-NA_S16_L001_R1_001.fastq.gz
10257,13,CCTGACATGGGCTATA,949,4_Rescue_bcNA_NA,4,bcNA,Rescue,None,5623.4130000000005,fluNA,viral_barcode_fastqs,4-Rescue-bcNA-NA_S16_L001_R1_001.fastq.gz
10258,14,ACAACCTTATACTCCA,893,4_Rescue_bcNA_NA,4,bcNA,Rescue,None,5623.4130000000005,fluNA,viral_barcode_fastqs,4-Rescue-bcNA-NA_S16_L001_R1_001.fastq.gz
10259,15,GTCATTTGACCCAGGT,519,4_Rescue_bcNA_NA,4,bcNA,Rescue,None,5623.4130000000005,fluNA,viral_barcode_fastqs,4-Rescue-bcNA-NA_S16_L001_R1_001.fastq.gz
10260,16,TATCATTACAACGACG,285,4_Rescue_bcNA_NA,4,bcNA,Rescue,None,5623.4130000000005,fluNA,viral_barcode_fastqs,4-Rescue-bcNA-NA_S16_L001_R1_001.fastq.gz
10263,19,AATCGCCTTGGCCACT,133,4_Rescue_bcNA_NA,4,bcNA,Rescue,None,5623.4130000000005,fluNA,viral_barcode_fastqs,4-Rescue-bcNA-NA_S16_L001_R1_001.fastq.gz
10776,0,TTAATTTTAAATACTG,215178,5_Rescue_bcHAbcNA_NA,5,bcHAbcNA,Rescue,None,6995.642,fluNA,viral_barcode_fastqs,5-Rescue-bcHAbcNA-NA_S17_L001_R1_001.fastq.gz
10777,1,ATACCTATTTTCTACC,114773,5_Rescue_bcHAbcNA_NA,5,bcHAbcNA,Rescue,None,6995.642,fluNA,viral_barcode_fastqs,5-Rescue-bcHAbcNA-NA_S17_L001_R1_001.fastq.gz
10778,2,GGATTCTTGAATTTGC,85958,5_Rescue_bcHAbcNA_NA,5,bcHAbcNA,Rescue,None,6995.642,fluNA,viral_barcode_fastqs,5-Rescue-bcHAbcNA-NA_S17_L001_R1_001.fastq.gz
10779,3,GGGGTTTCGTACTCCA,83843,5_Rescue_bcHAbcNA_NA,5,bcHAbcNA,Rescue,None,6995.642,fluNA,viral_barcode_fastqs,5-Rescue-bcHAbcNA-NA_S17_L001_R1_001.fastq.gz
10780,4,CTGAAACGCTAGGGGT,66533,5_Rescue_bcHAbcNA_NA,5,bcHAbcNA,Rescue,None,6995.642,fluNA,viral_barcode_fastqs,5-Rescue-bcHAbcNA-NA_S17_L001_R1_001.fastq.gz
10781,5,GAACGGGATGGCTTGA,48674,5_Rescue_bcHAbcNA_NA,5,bcHAbcNA,Rescue,None,6995.642,fluNA,viral_barcode_fastqs,5-Rescue-bcHAbcNA-NA_S17_L001_R1_001.fastq.gz
10782,6,CAACGAATTCTTTCAA,38674,5_Rescue_bcHAbcNA_NA,5,bcHAbcNA,Rescue,None,6995.642,fluNA,viral_barcode_fastqs,5-Rescue-bcHAbcNA-NA_S17_L001_R1_001.fastq.gz
10783,7,CCCGGTTGGAGCAAAT,28261,5_Rescue_bcHAbcNA_NA,5,bcHAbcNA,Rescue,None,6995.642,fluNA,viral_barcode_fastqs,5-Rescue-bcHAbcNA-NA_S17_L001_R1_001.fastq.gz
10784,8,CAGAAAGCTTGTTCAC,8304,5_Rescue_bcHAbcNA_NA,5,bcHAbcNA,Rescue,None,6995.642,fluNA,viral_barcode_fastqs,5-Rescue-bcHAbcNA-NA_S17_L001_R1_001.fastq.gz
10785,9,CCTGACATGGGCTATA,5114,5_Rescue_bcHAbcNA_NA,5,bcHAbcNA,Rescue,None,6995.642,fluNA,viral_barcode_fastqs,5-Rescue-bcHAbcNA-NA_S17_L001_R1_001.fastq.gz
10786,10,CGGGATATTTAATACA,5053,5_Rescue_bcHAbcNA_NA,5,bcHAbcNA,Rescue,None,6995.642,fluNA,viral_barcode_fastqs,5-Rescue-bcHAbcNA-NA_S17_L001_R1_001.fastq.gz
10787,11,CCTAGTCTGTACTACT,4251,5_Rescue_bcHAbcNA_NA,5,bcHAbcNA,Rescue,None,6995.642,fluNA,viral_barcode_fastqs,5-Rescue-bcHAbcNA-NA_S17_L001_R1_001.fastq.gz
10788,12,AATCGCCTTGGCCACT,3835,5_Rescue_bcHAbcNA_NA,5,bcHAbcNA,Rescue,None,6995.642,fluNA,viral_barcode_fastqs,5-Rescue-bcHAbcNA-NA_S17_L001_R1_001.fastq.gz
10789,13,AAACAATTGATAGATC,2008,5_Rescue_bcHAbcNA_NA,5,bcHAbcNA,Rescue,None,6995.642,fluNA,viral_barcode_fastqs,5-Rescue-bcHAbcNA-NA_S17_L001_R1_001.fastq.gz
10790,14,ACAACCTTATACTCCA,1860,5_Rescue_bcHAbcNA_NA,5,bcHAbcNA,Rescue,None,6995.642,fluNA,viral_barcode_fastqs,5-Rescue-bcHAbcNA-NA_S17_L001_R1_001.fastq.gz
10791,15,TATCATTACAACGACG,1747,5_Rescue_bcHAbcNA_NA,5,bcHAbcNA,Rescue,None,6995.642,fluNA,viral_barcode_fastqs,5-Rescue-bcHAbcNA-NA_S17_L001_R1_001.fastq.gz
10792,16,AGAATGGATTTCAGTG,1065,5_Rescue_bcHAbcNA_NA,5,bcHAbcNA,Rescue,None,6995.642,fluNA,viral_barcode_fastqs,5-Rescue-bcHAbcNA-NA_S17_L001_R1_001.fastq.gz
10793,17,GTCATTTGACCCAGGT,699,5_Rescue_bcHAbcNA_NA,5,bcHAbcNA,Rescue,None,6995.642,fluNA,viral_barcode_fastqs,5-Rescue-bcHAbcNA-NA_S17_L001_R1_001.fastq.gz
11370,0,GGATTCTTGAATTTGC,163896,8_Passage1_bcNA_NA,8,bcNA,Passage1,A,4216.965,fluNA,viral_barcode_fastqs,8-Passage1-bcNA-NA_S18_L001_R1_001.fastq.gz
11371,1,TTAATTTTAAATACTG,145842,8_Passage1_bcNA_NA,8,bcNA,Passage1,A,4216.965,fluNA,viral_barcode_fastqs,8-Passage1-bcNA-NA_S18_L001_R1_001.fastq.gz
11372,2,ATACCTATTTTCTACC,82539,8_Passage1_bcNA_NA,8,bcNA,Passage1,A,4216.965,fluNA,viral_barcode_fastqs,8-Passage1-bcNA-NA_S18_L001_R1_001.fastq.gz
11373,3,GGGGTTTCGTACTCCA,79788,8_Passage1_bcNA_NA,8,bcNA,Passage1,A,4216.965,fluNA,viral_barcode_fastqs,8-Passage1-bcNA-NA_S18_L001_R1_001.fastq.gz
11374,4,CTGAAACGCTAGGGGT,52878,8_Passage1_bcNA_NA,8,bcNA,Passage1,A,4216.965,fluNA,viral_barcode_fastqs,8-Passage1-bcNA-NA_S18_L001_R1_001.fastq.gz
11375,5,CCCGGTTGGAGCAAAT,32271,8_Passage1_bcNA_NA,8,bcNA,Passage1,A,4216.965,fluNA,viral_barcode_fastqs,8-Passage1-bcNA-NA_S18_L001_R1_001.fastq.gz
11376,6,GAACGGGATGGCTTGA,27341,8_Passage1_bcNA_NA,8,bcNA,Passage1,A,4216.965,fluNA,viral_barcode_fastqs,8-Passage1-bcNA-NA_S18_L001_R1_001.fastq.gz
11377,7,CAACGAATTCTTTCAA,26362,8_Passage1_bcNA_NA,8,bcNA,Passage1,A,4216.965,fluNA,viral_barcode_fastqs,8-Passage1-bcNA-NA_S18_L001_R1_001.fastq.gz
11378,8,AAACAATTGATAGATC,16261,8_Passage1_bcNA_NA,8,bcNA,Passage1,A,4216.965,fluNA,viral_barcode_fastqs,8-Passage1-bcNA-NA_S18_L001_R1_001.fastq.gz
11379,9,CGGGATATTTAATACA,6090,8_Passage1_bcNA_NA,8,bcNA,Passage1,A,4216.965,fluNA,viral_barcode_fastqs,8-Passage1-bcNA-NA_S18_L001_R1_001.fastq.gz
11380,10,CAGAAAGCTTGTTCAC,4961,8_Passage1_bcNA_NA,8,bcNA,Passage1,A,4216.965,fluNA,viral_barcode_fastqs,8-Passage1-bcNA-NA_S18_L001_R1_001.fastq.gz
11381,11,CCTAGTCTGTACTACT,4220,8_Passage1_bcNA_NA,8,bcNA,Passage1,A,4216.965,fluNA,viral_barcode_fastqs,8-Passage1-bcNA-NA_S18_L001_R1_001.fastq.gz
11382,12,AGAATGGATTTCAGTG,2182,8_Passage1_bcNA_NA,8,bcNA,Passage1,A,4216.965,fluNA,viral_barcode_fastqs,8-Passage1-bcNA-NA_S18_L001_R1_001.fastq.gz
11383,13,ACAACCTTATACTCCA,896,8_Passage1_bcNA_NA,8,bcNA,Passage1,A,4216.965,fluNA,viral_barcode_fastqs,8-Passage1-bcNA-NA_S18_L001_R1_001.fastq.gz
11384,14,CCTGACATGGGCTATA,460,8_Passage1_bcNA_NA,8,bcNA,Passage1,A,4216.965,fluNA,viral_barcode_fastqs,8-Passage1-bcNA-NA_S18_L001_R1_001.fastq.gz
11386,16,GTCATTTGACCCAGGT,189,8_Passage1_bcNA_NA,8,bcNA,Passage1,A,4216.965,fluNA,viral_barcode_fastqs,8-Passage1-bcNA-NA_S18_L001_R1_001.fastq.gz
11387,17,TATCATTACAACGACG,167,8_Passage1_bcNA_NA,8,bcNA,Passage1,A,4216.965,fluNA,viral_barcode_fastqs,8-Passage1-bcNA-NA_S18_L001_R1_001.fastq.gz
11456,86,AATCGCCTTGGCCACT,20,8_Passage1_bcNA_NA,8,bcNA,Passage1,A,4216.965,fluNA,viral_barcode_fastqs,8-Passage1-bcNA-NA_S18_L001_R1_001.fastq.gz
11897,0,GGATTCTTGAATTTGC,180249,9_Passage1_bcNA_NA,9,bcNA,Passage1,B,23713.737,fluNA,viral_barcode_fastqs,9-Passage1-bcNA-NA_S19_L001_R1_001.fastq.gz
11898,1,TTAATTTTAAATACTG,155927,9_Passage1_bcNA_NA,9,bcNA,Passage1,B,23713.737,fluNA,viral_barcode_fastqs,9-Passage1-bcNA-NA_S19_L001_R1_001.fastq.gz
11899,2,ATACCTATTTTCTACC,87906,9_Passage1_bcNA_NA,9,bcNA,Passage1,B,23713.737,fluNA,viral_barcode_fastqs,9-Passage1-bcNA-NA_S19_L001_R1_001.fastq.gz
11900,3,GGGGTTTCGTACTCCA,85108,9_Passage1_bcNA_NA,9,bcNA,Passage1,B,23713.737,fluNA,viral_barcode_fastqs,9-Passage1-bcNA-NA_S19_L001_R1_001.fastq.gz
11901,4,CTGAAACGCTAGGGGT,51506,9_Passage1_bcNA_NA,9,bcNA,Passage1,B,23713.737,fluNA,viral_barcode_fastqs,9-Passage1-bcNA-NA_S19_L001_R1_001.fastq.gz
11902,5,CCCGGTTGGAGCAAAT,34585,9_Passage1_bcNA_NA,9,bcNA,Passage1,B,23713.737,fluNA,viral_barcode_fastqs,9-Passage1-bcNA-NA_S19_L001_R1_001.fastq.gz
11903,6,GAACGGGATGGCTTGA,30330,9_Passage1_bcNA_NA,9,bcNA,Passage1,B,23713.737,fluNA,viral_barcode_fastqs,9-Passage1-bcNA-NA_S19_L001_R1_001.fastq.gz
11904,7,CAACGAATTCTTTCAA,23876,9_Passage1_bcNA_NA,9,bcNA,Passage1,B,23713.737,fluNA,viral_barcode_fastqs,9-Passage1-bcNA-NA_S19_L001_R1_001.fastq.gz
11905,8,AAACAATTGATAGATC,15533,9_Passage1_bcNA_NA,9,bcNA,Passage1,B,23713.737,fluNA,viral_barcode_fastqs,9-Passage1-bcNA-NA_S19_L001_R1_001.fastq.gz
11906,9,CGGGATATTTAATACA,5995,9_Passage1_bcNA_NA,9,bcNA,Passage1,B,23713.737,fluNA,viral_barcode_fastqs,9-Passage1-bcNA-NA_S19_L001_R1_001.fastq.gz
11907,10,CAGAAAGCTTGTTCAC,5279,9_Passage1_bcNA_NA,9,bcNA,Passage1,B,23713.737,fluNA,viral_barcode_fastqs,9-Passage1-bcNA-NA_S19_L001_R1_001.fastq.gz
11908,11,CCTAGTCTGTACTACT,4838,9_Passage1_bcNA_NA,9,bcNA,Passage1,B,23713.737,fluNA,viral_barcode_fastqs,9-Passage1-bcNA-NA_S19_L001_R1_001.fastq.gz
11909,12,AGAATGGATTTCAGTG,1378,9_Passage1_bcNA_NA,9,bcNA,Passage1,B,23713.737,fluNA,viral_barcode_fastqs,9-Passage1-bcNA-NA_S19_L001_R1_001.fastq.gz
11910,13,ACAACCTTATACTCCA,872,9_Passage1_bcNA_NA,9,bcNA,Passage1,B,23713.737,fluNA,viral_barcode_fastqs,9-Passage1-bcNA-NA_S19_L001_R1_001.fastq.gz
11911,14,CCTGACATGGGCTATA,782,9_Passage1_bcNA_NA,9,bcNA,Passage1,B,23713.737,fluNA,viral_barcode_fastqs,9-Passage1-bcNA-NA_S19_L001_R1_001.fastq.gz
11912,15,GTCATTTGACCCAGGT,346,9_Passage1_bcNA_NA,9,bcNA,Passage1,B,23713.737,fluNA,viral_barcode_fastqs,9-Passage1-bcNA-NA_S19_L001_R1_001.fastq.gz
11914,17,TATCATTACAACGACG,135,9_Passage1_bcNA_NA,9,bcNA,Passage1,B,23713.737,fluNA,viral_barcode_fastqs,9-Passage1-bcNA-NA_S19_L001_R1_001.fastq.gz
11922,25,AATCGCCTTGGCCACT,76,9_Passage1_bcNA_NA,9,bcNA,Passage1,B,23713.737,fluNA,viral_barcode_fastqs,9-Passage1-bcNA-NA_S19_L001_R1_001.fastq.gz
12434,0,TTAATTTTAAATACTG,227894,10_Passage1_bcHAbcNA_NA,10,bcHAbcNA,Passage1,A,14677.993,fluNA,viral_barcode_fastqs,10-Passage1-bcHAbcNA-NA_S20_L001_R1_001.fastq.gz
12435,1,ATACCTATTTTCTACC,123817,10_Passage1_bcHAbcNA_NA,10,bcHAbcNA,Passage1,A,14677.993,fluNA,viral_barcode_fastqs,10-Passage1-bcHAbcNA-NA_S20_L001_R1_001.fastq.gz
12436,2,GGATTCTTGAATTTGC,98343,10_Passage1_bcHAbcNA_NA,10,bcHAbcNA,Passage1,A,14677.993,fluNA,viral_barcode_fastqs,10-Passage1-bcHAbcNA-NA_S20_L001_R1_001.fastq.gz
12437,3,GGGGTTTCGTACTCCA,78911,10_Passage1_bcHAbcNA_NA,10,bcHAbcNA,Passage1,A,14677.993,fluNA,viral_barcode_fastqs,10-Passage1-bcHAbcNA-NA_S20_L001_R1_001.fastq.gz
12438,4,CTGAAACGCTAGGGGT,75386,10_Passage1_bcHAbcNA_NA,10,bcHAbcNA,Passage1,A,14677.993,fluNA,viral_barcode_fastqs,10-Passage1-bcHAbcNA-NA_S20_L001_R1_001.fastq.gz
12439,5,GAACGGGATGGCTTGA,52937,10_Passage1_bcHAbcNA_NA,10,bcHAbcNA,Passage1,A,14677.993,fluNA,viral_barcode_fastqs,10-Passage1-bcHAbcNA-NA_S20_L001_R1_001.fastq.gz
12440,6,CAACGAATTCTTTCAA,38532,10_Passage1_bcHAbcNA_NA,10,bcHAbcNA,Passage1,A,14677.993,fluNA,viral_barcode_fastqs,10-Passage1-bcHAbcNA-NA_S20_L001_R1_001.fastq.gz
12441,7,CCCGGTTGGAGCAAAT,32897,10_Passage1_bcHAbcNA_NA,10,bcHAbcNA,Passage1,A,14677.993,fluNA,viral_barcode_fastqs,10-Passage1-bcHAbcNA-NA_S20_L001_R1_001.fastq.gz
12442,8,CAGAAAGCTTGTTCAC,9203,10_Passage1_bcHAbcNA_NA,10,bcHAbcNA,Passage1,A,14677.993,fluNA,viral_barcode_fastqs,10-Passage1-bcHAbcNA-NA_S20_L001_R1_001.fastq.gz
12443,9,CGGGATATTTAATACA,4450,10_Passage1_bcHAbcNA_NA,10,bcHAbcNA,Passage1,A,14677.993,fluNA,viral_barcode_fastqs,10-Passage1-bcHAbcNA-NA_S20_L001_R1_001.fastq.gz
12444,10,AATCGCCTTGGCCACT,4395,10_Passage1_bcHAbcNA_NA,10,bcHAbcNA,Passage1,A,14677.993,fluNA,viral_barcode_fastqs,10-Passage1-bcHAbcNA-NA_S20_L001_R1_001.fastq.gz
12445,11,CCTGACATGGGCTATA,4083,10_Passage1_bcHAbcNA_NA,10,bcHAbcNA,Passage1,A,14677.993,fluNA,viral_barcode_fastqs,10-Passage1-bcHAbcNA-NA_S20_L001_R1_001.fastq.gz
12446,12,CCTAGTCTGTACTACT,3750,10_Passage1_bcHAbcNA_NA,10,bcHAbcNA,Passage1,A,14677.993,fluNA,viral_barcode_fastqs,10-Passage1-bcHAbcNA-NA_S20_L001_R1_001.fastq.gz
12447,13,ACAACCTTATACTCCA,2227,10_Passage1_bcHAbcNA_NA,10,bcHAbcNA,Passage1,A,14677.993,fluNA,viral_barcode_fastqs,10-Passage1-bcHAbcNA-NA_S20_L001_R1_001.fastq.gz
12448,14,TATCATTACAACGACG,1687,10_Passage1_bcHAbcNA_NA,10,bcHAbcNA,Passage1,A,14677.993,fluNA,viral_barcode_fastqs,10-Passage1-bcHAbcNA-NA_S20_L001_R1_001.fastq.gz
12449,15,AAACAATTGATAGATC,1144,10_Passage1_bcHAbcNA_NA,10,bcHAbcNA,Passage1,A,14677.993,fluNA,viral_barcode_fastqs,10-Passage1-bcHAbcNA-NA_S20_L001_R1_001.fastq.gz
12450,16,AGAATGGATTTCAGTG,688,10_Passage1_bcHAbcNA_NA,10,bcHAbcNA,Passage1,A,14677.993,fluNA,viral_barcode_fastqs,10-Passage1-bcHAbcNA-NA_S20_L001_R1_001.fastq.gz
12451,17,GTCATTTGACCCAGGT,312,10_Passage1_bcHAbcNA_NA,10,bcHAbcNA,Passage1,A,14677.993,fluNA,viral_barcode_fastqs,10-Passage1-bcHAbcNA-NA_S20_L001_R1_001.fastq.gz
13034,0,TTAATTTTAAATACTG,198619,11_Passage1_bcHAbcNA_NA,11,bcHAbcNA,Passage1,B,144543.97699999998,fluNA,viral_barcode_fastqs,11-Passage1-bcHAbcNA-NA_S21_L001_R1_001.fastq.gz
13035,1,ATACCTATTTTCTACC,94502,11_Passage1_bcHAbcNA_NA,11,bcHAbcNA,Passage1,B,144543.97699999998,fluNA,viral_barcode_fastqs,11-Passage1-bcHAbcNA-NA_S21_L001_R1_001.fastq.gz
13036,2,GGATTCTTGAATTTGC,77083,11_Passage1_bcHAbcNA_NA,11,bcHAbcNA,Passage1,B,144543.97699999998,fluNA,viral_barcode_fastqs,11-Passage1-bcHAbcNA-NA_S21_L001_R1_001.fastq.gz
13037,3,GGGGTTTCGTACTCCA,68462,11_Passage1_bcHAbcNA_NA,11,bcHAbcNA,Passage1,B,144543.97699999998,fluNA,viral_barcode_fastqs,11-Passage1-bcHAbcNA-NA_S21_L001_R1_001.fastq.gz
13038,4,CTGAAACGCTAGGGGT,58850,11_Passage1_bcHAbcNA_NA,11,bcHAbcNA,Passage1,B,144543.97699999998,fluNA,viral_barcode_fastqs,11-Passage1-bcHAbcNA-NA_S21_L001_R1_001.fastq.gz
13039,5,GAACGGGATGGCTTGA,37670,11_Passage1_bcHAbcNA_NA,11,bcHAbcNA,Passage1,B,144543.97699999998,fluNA,viral_barcode_fastqs,11-Passage1-bcHAbcNA-NA_S21_L001_R1_001.fastq.gz
13040,6,CAACGAATTCTTTCAA,35918,11_Passage1_bcHAbcNA_NA,11,bcHAbcNA,Passage1,B,144543.97699999998,fluNA,viral_barcode_fastqs,11-Passage1-bcHAbcNA-NA_S21_L001_R1_001.fastq.gz
13041,7,CCCGGTTGGAGCAAAT,26329,11_Passage1_bcHAbcNA_NA,11,bcHAbcNA,Passage1,B,144543.97699999998,fluNA,viral_barcode_fastqs,11-Passage1-bcHAbcNA-NA_S21_L001_R1_001.fastq.gz
13042,8,CAGAAAGCTTGTTCAC,5691,11_Passage1_bcHAbcNA_NA,11,bcHAbcNA,Passage1,B,144543.97699999998,fluNA,viral_barcode_fastqs,11-Passage1-bcHAbcNA-NA_S21_L001_R1_001.fastq.gz
13043,9,AATCGCCTTGGCCACT,4922,11_Passage1_bcHAbcNA_NA,11,bcHAbcNA,Passage1,B,144543.97699999998,fluNA,viral_barcode_fastqs,11-Passage1-bcHAbcNA-NA_S21_L001_R1_001.fastq.gz
13044,10,CGGGATATTTAATACA,3106,11_Passage1_bcHAbcNA_NA,11,bcHAbcNA,Passage1,B,144543.97699999998,fluNA,viral_barcode_fastqs,11-Passage1-bcHAbcNA-NA_S21_L001_R1_001.fastq.gz
13045,11,CCTAGTCTGTACTACT,2985,11_Passage1_bcHAbcNA_NA,11,bcHAbcNA,Passage1,B,144543.97699999998,fluNA,viral_barcode_fastqs,11-Passage1-bcHAbcNA-NA_S21_L001_R1_001.fastq.gz
13046,12,CCTGACATGGGCTATA,2807,11_Passage1_bcHAbcNA_NA,11,bcHAbcNA,Passage1,B,144543.97699999998,fluNA,viral_barcode_fastqs,11-Passage1-bcHAbcNA-NA_S21_L001_R1_001.fastq.gz
13047,13,AAACAATTGATAGATC,1647,11_Passage1_bcHAbcNA_NA,11,bcHAbcNA,Passage1,B,144543.97699999998,fluNA,viral_barcode_fastqs,11-Passage1-bcHAbcNA-NA_S21_L001_R1_001.fastq.gz
13048,14,ACAACCTTATACTCCA,1501,11_Passage1_bcHAbcNA_NA,11,bcHAbcNA,Passage1,B,144543.97699999998,fluNA,viral_barcode_fastqs,11-Passage1-bcHAbcNA-NA_S21_L001_R1_001.fastq.gz
13049,15,TATCATTACAACGACG,1066,11_Passage1_bcHAbcNA_NA,11,bcHAbcNA,Passage1,B,144543.97699999998,fluNA,viral_barcode_fastqs,11-Passage1-bcHAbcNA-NA_S21_L001_R1_001.fastq.gz
13050,16,AGAATGGATTTCAGTG,995,11_Passage1_bcHAbcNA_NA,11,bcHAbcNA,Passage1,B,144543.97699999998,fluNA,viral_barcode_fastqs,11-Passage1-bcHAbcNA-NA_S21_L001_R1_001.fastq.gz
13051,17,GTCATTTGACCCAGGT,511,11_Passage1_bcHAbcNA_NA,11,bcHAbcNA,Passage1,B,144543.97699999998,fluNA,viral_barcode_fastqs,11-Passage1-bcHAbcNA-NA_S21_L001_R1_001.fastq.gz
13598,0,GGATTCTTGAATTTGC,250434,14_Passage2_bcNA_NA,14,bcNA,Passage2,A,23101.297000000002,fluNA,viral_barcode_fastqs,14-Passage2-bcNA-NA_S22_L001_R1_001.fastq.gz
13599,1,TTAATTTTAAATACTG,148756,14_Passage2_bcNA_NA,14,bcNA,Passage2,A,23101.297000000002,fluNA,viral_barcode_fastqs,14-Passage2-bcNA-NA_S22_L001_R1_001.fastq.gz
13600,2,ATACCTATTTTCTACC,81388,14_Passage2_bcNA_NA,14,bcNA,Passage2,A,23101.297000000002,fluNA,viral_barcode_fastqs,14-Passage2-bcNA-NA_S22_L001_R1_001.fastq.gz
13601,3,GGGGTTTCGTACTCCA,74210,14_Passage2_bcNA_NA,14,bcNA,Passage2,A,23101.297000000002,fluNA,viral_barcode_fastqs,14-Passage2-bcNA-NA_S22_L001_R1_001.fastq.gz
13602,4,CTGAAACGCTAGGGGT,57411,14_Passage2_bcNA_NA,14,bcNA,Passage2,A,23101.297000000002,fluNA,viral_barcode_fastqs,14-Passage2-bcNA-NA_S22_L001_R1_001.fastq.gz
13603,5,CCCGGTTGGAGCAAAT,31279,14_Passage2_bcNA_NA,14,bcNA,Passage2,A,23101.297000000002,fluNA,viral_barcode_fastqs,14-Passage2-bcNA-NA_S22_L001_R1_001.fastq.gz
13604,6,GAACGGGATGGCTTGA,28060,14_Passage2_bcNA_NA,14,bcNA,Passage2,A,23101.297000000002,fluNA,viral_barcode_fastqs,14-Passage2-bcNA-NA_S22_L001_R1_001.fastq.gz
13605,7,CAACGAATTCTTTCAA,26875,14_Passage2_bcNA_NA,14,bcNA,Passage2,A,23101.297000000002,fluNA,viral_barcode_fastqs,14-Passage2-bcNA-NA_S22_L001_R1_001.fastq.gz
13606,8,AAACAATTGATAGATC,17318,14_Passage2_bcNA_NA,14,bcNA,Passage2,A,23101.297000000002,fluNA,viral_barcode_fastqs,14-Passage2-bcNA-NA_S22_L001_R1_001.fastq.gz
13607,9,CGGGATATTTAATACA,5203,14_Passage2_bcNA_NA,14,bcNA,Passage2,A,23101.297000000002,fluNA,viral_barcode_fastqs,14-Passage2-bcNA-NA_S22_L001_R1_001.fastq.gz
13608,10,CAGAAAGCTTGTTCAC,4905,14_Passage2_bcNA_NA,14,bcNA,Passage2,A,23101.297000000002,fluNA,viral_barcode_fastqs,14-Passage2-bcNA-NA_S22_L001_R1_001.fastq.gz
13609,11,CCTAGTCTGTACTACT,4297,14_Passage2_bcNA_NA,14,bcNA,Passage2,A,23101.297000000002,fluNA,viral_barcode_fastqs,14-Passage2-bcNA-NA_S22_L001_R1_001.fastq.gz
13610,12,AGAATGGATTTCAGTG,2013,14_Passage2_bcNA_NA,14,bcNA,Passage2,A,23101.297000000002,fluNA,viral_barcode_fastqs,14-Passage2-bcNA-NA_S22_L001_R1_001.fastq.gz
13611,13,ACAACCTTATACTCCA,882,14_Passage2_bcNA_NA,14,bcNA,Passage2,A,23101.297000000002,fluNA,viral_barcode_fastqs,14-Passage2-bcNA-NA_S22_L001_R1_001.fastq.gz
13612,14,CCTGACATGGGCTATA,425,14_Passage2_bcNA_NA,14,bcNA,Passage2,A,23101.297000000002,fluNA,viral_barcode_fastqs,14-Passage2-bcNA-NA_S22_L001_R1_001.fastq.gz
13614,16,GTCATTTGACCCAGGT,161,14_Passage2_bcNA_NA,14,bcNA,Passage2,A,23101.297000000002,fluNA,viral_barcode_fastqs,14-Passage2-bcNA-NA_S22_L001_R1_001.fastq.gz
13616,18,TATCATTACAACGACG,131,14_Passage2_bcNA_NA,14,bcNA,Passage2,A,23101.297000000002,fluNA,viral_barcode_fastqs,14-Passage2-bcNA-NA_S22_L001_R1_001.fastq.gz
13688,90,AATCGCCTTGGCCACT,21,14_Passage2_bcNA_NA,14,bcNA,Passage2,A,23101.297000000002,fluNA,viral_barcode_fastqs,14-Passage2-bcNA-NA_S22_L001_R1_001.fastq.gz
14146,0,GGATTCTTGAATTTGC,299959,15_Passage2_bcNA_NA,15,bcNA,Passage2,B,31622.777000000002,fluNA,viral_barcode_fastqs,15-Passage2-bcNA-NA_S23_L001_R1_001.fastq.gz
14147,1,TTAATTTTAAATACTG,191059,15_Passage2_bcNA_NA,15,bcNA,Passage2,B,31622.777000000002,fluNA,viral_barcode_fastqs,15-Passage2-bcNA-NA_S23_L001_R1_001.fastq.gz
14148,2,ATACCTATTTTCTACC,109686,15_Passage2_bcNA_NA,15,bcNA,Passage2,B,31622.777000000002,fluNA,viral_barcode_fastqs,15-Passage2-bcNA-NA_S23_L001_R1_001.fastq.gz
14149,3,GGGGTTTCGTACTCCA,97736,15_Passage2_bcNA_NA,15,bcNA,Passage2,B,31622.777000000002,fluNA,viral_barcode_fastqs,15-Passage2-bcNA-NA_S23_L001_R1_001.fastq.gz
14150,4,CTGAAACGCTAGGGGT,57586,15_Passage2_bcNA_NA,15,bcNA,Passage2,B,31622.777000000002,fluNA,viral_barcode_fastqs,15-Passage2-bcNA-NA_S23_L001_R1_001.fastq.gz
14151,5,GAACGGGATGGCTTGA,42059,15_Passage2_bcNA_NA,15,bcNA,Passage2,B,31622.777000000002,fluNA,viral_barcode_fastqs,15-Passage2-bcNA-NA_S23_L001_R1_001.fastq.gz
14152,6,CCCGGTTGGAGCAAAT,38781,15_Passage2_bcNA_NA,15,bcNA,Passage2,B,31622.777000000002,fluNA,viral_barcode_fastqs,15-Passage2-bcNA-NA_S23_L001_R1_001.fastq.gz
14153,7,CAACGAATTCTTTCAA,29944,15_Passage2_bcNA_NA,15,bcNA,Passage2,B,31622.777000000002,fluNA,viral_barcode_fastqs,15-Passage2-bcNA-NA_S23_L001_R1_001.fastq.gz
14154,8,AAACAATTGATAGATC,23178,15_Passage2_bcNA_NA,15,bcNA,Passage2,B,31622.777000000002,fluNA,viral_barcode_fastqs,15-Passage2-bcNA-NA_S23_L001_R1_001.fastq.gz
14155,9,CAGAAAGCTTGTTCAC,6907,15_Passage2_bcNA_NA,15,bcNA,Passage2,B,31622.777000000002,fluNA,viral_barcode_fastqs,15-Passage2-bcNA-NA_S23_L001_R1_001.fastq.gz
14156,10,CCTAGTCTGTACTACT,5930,15_Passage2_bcNA_NA,15,bcNA,Passage2,B,31622.777000000002,fluNA,viral_barcode_fastqs,15-Passage2-bcNA-NA_S23_L001_R1_001.fastq.gz
14157,11,CGGGATATTTAATACA,5552,15_Passage2_bcNA_NA,15,bcNA,Passage2,B,31622.777000000002,fluNA,viral_barcode_fastqs,15-Passage2-bcNA-NA_S23_L001_R1_001.fastq.gz
14158,12,AGAATGGATTTCAGTG,2120,15_Passage2_bcNA_NA,15,bcNA,Passage2,B,31622.777000000002,fluNA,viral_barcode_fastqs,15-Passage2-bcNA-NA_S23_L001_R1_001.fastq.gz
14159,13,ACAACCTTATACTCCA,1694,15_Passage2_bcNA_NA,15,bcNA,Passage2,B,31622.777000000002,fluNA,viral_barcode_fastqs,15-Passage2-bcNA-NA_S23_L001_R1_001.fastq.gz
14161,15,CCTGACATGGGCTATA,329,15_Passage2_bcNA_NA,15,bcNA,Passage2,B,31622.777000000002,fluNA,viral_barcode_fastqs,15-Passage2-bcNA-NA_S23_L001_R1_001.fastq.gz
14162,16,GTCATTTGACCCAGGT,234,15_Passage2_bcNA_NA,15,bcNA,Passage2,B,31622.777000000002,fluNA,viral_barcode_fastqs,15-Passage2-bcNA-NA_S23_L001_R1_001.fastq.gz
14306,160,TATCATTACAACGACG,13,15_Passage2_bcNA_NA,15,bcNA,Passage2,B,31622.777000000002,fluNA,viral_barcode_fastqs,15-Passage2-bcNA-NA_S23_L001_R1_001.fastq.gz
14724,0,TTAATTTTAAATACTG,225841,16_Passage2_bcHAbcNA_NA,16,bcHAbcNA,Passage2,A,56234.133,fluNA,viral_barcode_fastqs,16-Passage2-bcHAbcNA-NA_S24_L001_R1_001.fastq.gz
14725,1,ATACCTATTTTCTACC,109680,16_Passage2_bcHAbcNA_NA,16,bcHAbcNA,Passage2,A,56234.133,fluNA,viral_barcode_fastqs,16-Passage2-bcHAbcNA-NA_S24_L001_R1_001.fastq.gz
14726,2,GGATTCTTGAATTTGC,99121,16_Passage2_bcHAbcNA_NA,16,bcHAbcNA,Passage2,A,56234.133,fluNA,viral_barcode_fastqs,16-Passage2-bcHAbcNA-NA_S24_L001_R1_001.fastq.gz
14727,3,GGGGTTTCGTACTCCA,70117,16_Passage2_bcHAbcNA_NA,16,bcHAbcNA,Passage2,A,56234.133,fluNA,viral_barcode_fastqs,16-Passage2-bcHAbcNA-NA_S24_L001_R1_001.fastq.gz
14728,4,CTGAAACGCTAGGGGT,68935,16_Passage2_bcHAbcNA_NA,16,bcHAbcNA,Passage2,A,56234.133,fluNA,viral_barcode_fastqs,16-Passage2-bcHAbcNA-NA_S24_L001_R1_001.fastq.gz
14729,5,CAACGAATTCTTTCAA,40646,16_Passage2_bcHAbcNA_NA,16,bcHAbcNA,Passage2,A,56234.133,fluNA,viral_barcode_fastqs,16-Passage2-bcHAbcNA-NA_S24_L001_R1_001.fastq.gz
14730,6,GAACGGGATGGCTTGA,40594,16_Passage2_bcHAbcNA_NA,16,bcHAbcNA,Passage2,A,56234.133,fluNA,viral_barcode_fastqs,16-Passage2-bcHAbcNA-NA_S24_L001_R1_001.fastq.gz
14731,7,CCCGGTTGGAGCAAAT,26594,16_Passage2_bcHAbcNA_NA,16,bcHAbcNA,Passage2,A,56234.133,fluNA,viral_barcode_fastqs,16-Passage2-bcHAbcNA-NA_S24_L001_R1_001.fastq.gz
14732,8,CAGAAAGCTTGTTCAC,4896,16_Passage2_bcHAbcNA_NA,16,bcHAbcNA,Passage2,A,56234.133,fluNA,viral_barcode_fastqs,16-Passage2-bcHAbcNA-NA_S24_L001_R1_001.fastq.gz
14733,9,CCTAGTCTGTACTACT,3856,16_Passage2_bcHAbcNA_NA,16,bcHAbcNA,Passage2,A,56234.133,fluNA,viral_barcode_fastqs,16-Passage2-bcHAbcNA-NA_S24_L001_R1_001.fastq.gz
14734,10,CGGGATATTTAATACA,2891,16_Passage2_bcHAbcNA_NA,16,bcHAbcNA,Passage2,A,56234.133,fluNA,viral_barcode_fastqs,16-Passage2-bcHAbcNA-NA_S24_L001_R1_001.fastq.gz
14735,11,AATCGCCTTGGCCACT,1900,16_Passage2_bcHAbcNA_NA,16,bcHAbcNA,Passage2,A,56234.133,fluNA,viral_barcode_fastqs,16-Passage2-bcHAbcNA-NA_S24_L001_R1_001.fastq.gz
14736,12,AAACAATTGATAGATC,1771,16_Passage2_bcHAbcNA_NA,16,bcHAbcNA,Passage2,A,56234.133,fluNA,viral_barcode_fastqs,16-Passage2-bcHAbcNA-NA_S24_L001_R1_001.fastq.gz
14737,13,CCTGACATGGGCTATA,1464,16_Passage2_bcHAbcNA_NA,16,bcHAbcNA,Passage2,A,56234.133,fluNA,viral_barcode_fastqs,16-Passage2-bcHAbcNA-NA_S24_L001_R1_001.fastq.gz
14743,19,ACAACCTTATACTCCA,147,16_Passage2_bcHAbcNA_NA,16,bcHAbcNA,Passage2,A,56234.133,fluNA,viral_barcode_fastqs,16-Passage2-bcHAbcNA-NA_S24_L001_R1_001.fastq.gz
14746,22,AGAATGGATTTCAGTG,139,16_Passage2_bcHAbcNA_NA,16,bcHAbcNA,Passage2,A,56234.133,fluNA,viral_barcode_fastqs,16-Passage2-bcHAbcNA-NA_S24_L001_R1_001.fastq.gz
14750,26,TATCATTACAACGACG,103,16_Passage2_bcHAbcNA_NA,16,bcHAbcNA,Passage2,A,56234.133,fluNA,viral_barcode_fastqs,16-Passage2-bcHAbcNA-NA_S24_L001_R1_001.fastq.gz
14851,127,GTCATTTGACCCAGGT,16,16_Passage2_bcHAbcNA_NA,16,bcHAbcNA,Passage2,A,56234.133,fluNA,viral_barcode_fastqs,16-Passage2-bcHAbcNA-NA_S24_L001_R1_001.fastq.gz
15265,0,TTAATTTTAAATACTG,237845,17_Passage2_bcHAbcNA_NA,17,bcHAbcNA,Passage2,B,23101.297000000002,fluNA,viral_barcode_fastqs,17-Passage2-bcHAbcNA-NA_S25_L001_R1_001.fastq.gz
15266,1,ATACCTATTTTCTACC,129033,17_Passage2_bcHAbcNA_NA,17,bcHAbcNA,Passage2,B,23101.297000000002,fluNA,viral_barcode_fastqs,17-Passage2-bcHAbcNA-NA_S25_L001_R1_001.fastq.gz
15267,2,GGATTCTTGAATTTGC,115764,17_Passage2_bcHAbcNA_NA,17,bcHAbcNA,Passage2,B,23101.297000000002,fluNA,viral_barcode_fastqs,17-Passage2-bcHAbcNA-NA_S25_L001_R1_001.fastq.gz
15268,3,GGGGTTTCGTACTCCA,83966,17_Passage2_bcHAbcNA_NA,17,bcHAbcNA,Passage2,B,23101.297000000002,fluNA,viral_barcode_fastqs,17-Passage2-bcHAbcNA-NA_S25_L001_R1_001.fastq.gz
15269,4,CTGAAACGCTAGGGGT,76813,17_Passage2_bcHAbcNA_NA,17,bcHAbcNA,Passage2,B,23101.297000000002,fluNA,viral_barcode_fastqs,17-Passage2-bcHAbcNA-NA_S25_L001_R1_001.fastq.gz
15270,5,GAACGGGATGGCTTGA,57764,17_Passage2_bcHAbcNA_NA,17,bcHAbcNA,Passage2,B,23101.297000000002,fluNA,viral_barcode_fastqs,17-Passage2-bcHAbcNA-NA_S25_L001_R1_001.fastq.gz
15271,6,CAACGAATTCTTTCAA,46758,17_Passage2_bcHAbcNA_NA,17,bcHAbcNA,Passage2,B,23101.297000000002,fluNA,viral_barcode_fastqs,17-Passage2-bcHAbcNA-NA_S25_L001_R1_001.fastq.gz
15272,7,CCCGGTTGGAGCAAAT,36813,17_Passage2_bcHAbcNA_NA,17,bcHAbcNA,Passage2,B,23101.297000000002,fluNA,viral_barcode_fastqs,17-Passage2-bcHAbcNA-NA_S25_L001_R1_001.fastq.gz
15273,8,CAGAAAGCTTGTTCAC,9383,17_Passage2_bcHAbcNA_NA,17,bcHAbcNA,Passage2,B,23101.297000000002,fluNA,viral_barcode_fastqs,17-Passage2-bcHAbcNA-NA_S25_L001_R1_001.fastq.gz
15274,9,AATCGCCTTGGCCACT,5225,17_Passage2_bcHAbcNA_NA,17,bcHAbcNA,Passage2,B,23101.297000000002,fluNA,viral_barcode_fastqs,17-Passage2-bcHAbcNA-NA_S25_L001_R1_001.fastq.gz
15275,10,CGGGATATTTAATACA,4104,17_Passage2_bcHAbcNA_NA,17,bcHAbcNA,Passage2,B,23101.297000000002,fluNA,viral_barcode_fastqs,17-Passage2-bcHAbcNA-NA_S25_L001_R1_001.fastq.gz
15276,11,CCTAGTCTGTACTACT,3419,17_Passage2_bcHAbcNA_NA,17,bcHAbcNA,Passage2,B,23101.297000000002,fluNA,viral_barcode_fastqs,17-Passage2-bcHAbcNA-NA_S25_L001_R1_001.fastq.gz
15277,12,CCTGACATGGGCTATA,3183,17_Passage2_bcHAbcNA_NA,17,bcHAbcNA,Passage2,B,23101.297000000002,fluNA,viral_barcode_fastqs,17-Passage2-bcHAbcNA-NA_S25_L001_R1_001.fastq.gz
15278,13,TATCATTACAACGACG,2415,17_Passage2_bcHAbcNA_NA,17,bcHAbcNA,Passage2,B,23101.297000000002,fluNA,viral_barcode_fastqs,17-Passage2-bcHAbcNA-NA_S25_L001_R1_001.fastq.gz
15279,14,ACAACCTTATACTCCA,1686,17_Passage2_bcHAbcNA_NA,17,bcHAbcNA,Passage2,B,23101.297000000002,fluNA,viral_barcode_fastqs,17-Passage2-bcHAbcNA-NA_S25_L001_R1_001.fastq.gz
15280,15,AAACAATTGATAGATC,1482,17_Passage2_bcHAbcNA_NA,17,bcHAbcNA,Passage2,B,23101.297000000002,fluNA,viral_barcode_fastqs,17-Passage2-bcHAbcNA-NA_S25_L001_R1_001.fastq.gz
15281,16,AGAATGGATTTCAGTG,342,17_Passage2_bcHAbcNA_NA,17,bcHAbcNA,Passage2,B,23101.297000000002,fluNA,viral_barcode_fastqs,17-Passage2-bcHAbcNA-NA_S25_L001_R1_001.fastq.gz
15408,143,GTCATTTGACCCAGGT,16,17_Passage2_bcHAbcNA_NA,17,bcHAbcNA,Passage2,B,23101.297000000002,fluNA,viral_barcode_fastqs,17-Passage2-bcHAbcNA-NA_S25_L001_R1_001.fastq.gz
15858,0,GGATTCTTGAATTTGC,388916,20_Passage3_bcNA_NA,20,bcNA,Passage3,A,10000.0,fluNA,viral_barcode_fastqs,20-Passage3-bcNA-NA_S26_L001_R1_001.fastq.gz
15859,1,TTAATTTTAAATACTG,107940,20_Passage3_bcNA_NA,20,bcNA,Passage3,A,10000.0,fluNA,viral_barcode_fastqs,20-Passage3-bcNA-NA_S26_L001_R1_001.fastq.gz
15860,2,ATACCTATTTTCTACC,59858,20_Passage3_bcNA_NA,20,bcNA,Passage3,A,10000.0,fluNA,viral_barcode_fastqs,20-Passage3-bcNA-NA_S26_L001_R1_001.fastq.gz
15861,3,GGGGTTTCGTACTCCA,52829,20_Passage3_bcNA_NA,20,bcNA,Passage3,A,10000.0,fluNA,viral_barcode_fastqs,20-Passage3-bcNA-NA_S26_L001_R1_001.fastq.gz
15862,4,CTGAAACGCTAGGGGT,43437,20_Passage3_bcNA_NA,20,bcNA,Passage3,A,10000.0,fluNA,viral_barcode_fastqs,20-Passage3-bcNA-NA_S26_L001_R1_001.fastq.gz
15863,5,GAACGGGATGGCTTGA,22911,20_Passage3_bcNA_NA,20,bcNA,Passage3,A,10000.0,fluNA,viral_barcode_fastqs,20-Passage3-bcNA-NA_S26_L001_R1_001.fastq.gz
15864,6,CCCGGTTGGAGCAAAT,21650,20_Passage3_bcNA_NA,20,bcNA,Passage3,A,10000.0,fluNA,viral_barcode_fastqs,20-Passage3-bcNA-NA_S26_L001_R1_001.fastq.gz
15865,7,CAACGAATTCTTTCAA,18587,20_Passage3_bcNA_NA,20,bcNA,Passage3,A,10000.0,fluNA,viral_barcode_fastqs,20-Passage3-bcNA-NA_S26_L001_R1_001.fastq.gz
15866,8,AAACAATTGATAGATC,11799,20_Passage3_bcNA_NA,20,bcNA,Passage3,A,10000.0,fluNA,viral_barcode_fastqs,20-Passage3-bcNA-NA_S26_L001_R1_001.fastq.gz
15867,9,CAGAAAGCTTGTTCAC,3362,20_Passage3_bcNA_NA,20,bcNA,Passage3,A,10000.0,fluNA,viral_barcode_fastqs,20-Passage3-bcNA-NA_S26_L001_R1_001.fastq.gz
15868,10,CGGGATATTTAATACA,3068,20_Passage3_bcNA_NA,20,bcNA,Passage3,A,10000.0,fluNA,viral_barcode_fastqs,20-Passage3-bcNA-NA_S26_L001_R1_001.fastq.gz
15869,11,CCTAGTCTGTACTACT,2525,20_Passage3_bcNA_NA,20,bcNA,Passage3,A,10000.0,fluNA,viral_barcode_fastqs,20-Passage3-bcNA-NA_S26_L001_R1_001.fastq.gz
15870,12,AGAATGGATTTCAGTG,971,20_Passage3_bcNA_NA,20,bcNA,Passage3,A,10000.0,fluNA,viral_barcode_fastqs,20-Passage3-bcNA-NA_S26_L001_R1_001.fastq.gz
15871,13,ACAACCTTATACTCCA,726,20_Passage3_bcNA_NA,20,bcNA,Passage3,A,10000.0,fluNA,viral_barcode_fastqs,20-Passage3-bcNA-NA_S26_L001_R1_001.fastq.gz
15873,15,CCTGACATGGGCTATA,278,20_Passage3_bcNA_NA,20,bcNA,Passage3,A,10000.0,fluNA,viral_barcode_fastqs,20-Passage3-bcNA-NA_S26_L001_R1_001.fastq.gz
15877,19,GTCATTTGACCCAGGT,127,20_Passage3_bcNA_NA,20,bcNA,Passage3,A,10000.0,fluNA,viral_barcode_fastqs,20-Passage3-bcNA-NA_S26_L001_R1_001.fastq.gz
15889,31,TATCATTACAACGACG,80,20_Passage3_bcNA_NA,20,bcNA,Passage3,A,10000.0,fluNA,viral_barcode_fastqs,20-Passage3-bcNA-NA_S26_L001_R1_001.fastq.gz
15954,96,AATCGCCTTGGCCACT,15,20_Passage3_bcNA_NA,20,bcNA,Passage3,A,10000.0,fluNA,viral_barcode_fastqs,20-Passage3-bcNA-NA_S26_L001_R1_001.fastq.gz
16352,0,GGATTCTTGAATTTGC,304716,21_Passage3_bcNA_NA,21,bcNA,Passage3,B,21544.347,fluNA,viral_barcode_fastqs,21-Passage3-bcNA-NA_S27_L001_R1_001.fastq.gz
16353,1,TTAATTTTAAATACTG,93729,21_Passage3_bcNA_NA,21,bcNA,Passage3,B,21544.347,fluNA,viral_barcode_fastqs,21-Passage3-bcNA-NA_S27_L001_R1_001.fastq.gz
16354,2,ATACCTATTTTCTACC,51335,21_Passage3_bcNA_NA,21,bcNA,Passage3,B,21544.347,fluNA,viral_barcode_fastqs,21-Passage3-bcNA-NA_S27_L001_R1_001.fastq.gz
16355,3,GGGGTTTCGTACTCCA,50466,21_Passage3_bcNA_NA,21,bcNA,Passage3,B,21544.347,fluNA,viral_barcode_fastqs,21-Passage3-bcNA-NA_S27_L001_R1_001.fastq.gz
16356,4,CTGAAACGCTAGGGGT,32015,21_Passage3_bcNA_NA,21,bcNA,Passage3,B,21544.347,fluNA,viral_barcode_fastqs,21-Passage3-bcNA-NA_S27_L001_R1_001.fastq.gz
16357,5,GAACGGGATGGCTTGA,21710,21_Passage3_bcNA_NA,21,bcNA,Passage3,B,21544.347,fluNA,viral_barcode_fastqs,21-Passage3-bcNA-NA_S27_L001_R1_001.fastq.gz
16358,6,CCCGGTTGGAGCAAAT,18188,21_Passage3_bcNA_NA,21,bcNA,Passage3,B,21544.347,fluNA,viral_barcode_fastqs,21-Passage3-bcNA-NA_S27_L001_R1_001.fastq.gz
16359,7,CAACGAATTCTTTCAA,16883,21_Passage3_bcNA_NA,21,bcNA,Passage3,B,21544.347,fluNA,viral_barcode_fastqs,21-Passage3-bcNA-NA_S27_L001_R1_001.fastq.gz
16360,8,AAACAATTGATAGATC,12742,21_Passage3_bcNA_NA,21,bcNA,Passage3,B,21544.347,fluNA,viral_barcode_fastqs,21-Passage3-bcNA-NA_S27_L001_R1_001.fastq.gz
16361,9,CAGAAAGCTTGTTCAC,3428,21_Passage3_bcNA_NA,21,bcNA,Passage3,B,21544.347,fluNA,viral_barcode_fastqs,21-Passage3-bcNA-NA_S27_L001_R1_001.fastq.gz
16362,10,CCTAGTCTGTACTACT,3038,21_Passage3_bcNA_NA,21,bcNA,Passage3,B,21544.347,fluNA,viral_barcode_fastqs,21-Passage3-bcNA-NA_S27_L001_R1_001.fastq.gz
16363,11,CGGGATATTTAATACA,2927,21_Passage3_bcNA_NA,21,bcNA,Passage3,B,21544.347,fluNA,viral_barcode_fastqs,21-Passage3-bcNA-NA_S27_L001_R1_001.fastq.gz
16364,12,AGAATGGATTTCAGTG,900,21_Passage3_bcNA_NA,21,bcNA,Passage3,B,21544.347,fluNA,viral_barcode_fastqs,21-Passage3-bcNA-NA_S27_L001_R1_001.fastq.gz
16365,13,ACAACCTTATACTCCA,779,21_Passage3_bcNA_NA,21,bcNA,Passage3,B,21544.347,fluNA,viral_barcode_fastqs,21-Passage3-bcNA-NA_S27_L001_R1_001.fastq.gz
16367,15,GTCATTTGACCCAGGT,193,21_Passage3_bcNA_NA,21,bcNA,Passage3,B,21544.347,fluNA,viral_barcode_fastqs,21-Passage3-bcNA-NA_S27_L001_R1_001.fastq.gz
16373,21,CCTGACATGGGCTATA,125,21_Passage3_bcNA_NA,21,bcNA,Passage3,B,21544.347,fluNA,viral_barcode_fastqs,21-Passage3-bcNA-NA_S27_L001_R1_001.fastq.gz
16824,0,TTAATTTTAAATACTG,228808,22_Passage3_bcHAbcNA_NA,22,bcHAbcNA,Passage3,A,10000.0,fluNA,viral_barcode_fastqs,22-Passage3-bcHAbcNA-NA_S28_L001_R1_001.fastq.gz
16825,1,GGATTCTTGAATTTGC,111926,22_Passage3_bcHAbcNA_NA,22,bcHAbcNA,Passage3,A,10000.0,fluNA,viral_barcode_fastqs,22-Passage3-bcHAbcNA-NA_S28_L001_R1_001.fastq.gz
16826,2,ATACCTATTTTCTACC,108404,22_Passage3_bcHAbcNA_NA,22,bcHAbcNA,Passage3,A,10000.0,fluNA,viral_barcode_fastqs,22-Passage3-bcHAbcNA-NA_S28_L001_R1_001.fastq.gz
16827,3,GGGGTTTCGTACTCCA,72159,22_Passage3_bcHAbcNA_NA,22,bcHAbcNA,Passage3,A,10000.0,fluNA,viral_barcode_fastqs,22-Passage3-bcHAbcNA-NA_S28_L001_R1_001.fastq.gz
16828,4,CTGAAACGCTAGGGGT,69713,22_Passage3_bcHAbcNA_NA,22,bcHAbcNA,Passage3,A,10000.0,fluNA,viral_barcode_fastqs,22-Passage3-bcHAbcNA-NA_S28_L001_R1_001.fastq.gz
16829,5,CAACGAATTCTTTCAA,42896,22_Passage3_bcHAbcNA_NA,22,bcHAbcNA,Passage3,A,10000.0,fluNA,viral_barcode_fastqs,22-Passage3-bcHAbcNA-NA_S28_L001_R1_001.fastq.gz
16830,6,GAACGGGATGGCTTGA,38507,22_Passage3_bcHAbcNA_NA,22,bcHAbcNA,Passage3,A,10000.0,fluNA,viral_barcode_fastqs,22-Passage3-bcHAbcNA-NA_S28_L001_R1_001.fastq.gz
16831,7,CCCGGTTGGAGCAAAT,24062,22_Passage3_bcHAbcNA_NA,22,bcHAbcNA,Passage3,A,10000.0,fluNA,viral_barcode_fastqs,22-Passage3-bcHAbcNA-NA_S28_L001_R1_001.fastq.gz
16832,8,CAGAAAGCTTGTTCAC,3776,22_Passage3_bcHAbcNA_NA,22,bcHAbcNA,Passage3,A,10000.0,fluNA,viral_barcode_fastqs,22-Passage3-bcHAbcNA-NA_S28_L001_R1_001.fastq.gz
16833,9,CCTAGTCTGTACTACT,2726,22_Passage3_bcHAbcNA_NA,22,bcHAbcNA,Passage3,A,10000.0,fluNA,viral_barcode_fastqs,22-Passage3-bcHAbcNA-NA_S28_L001_R1_001.fastq.gz
16834,10,CGGGATATTTAATACA,2148,22_Passage3_bcHAbcNA_NA,22,bcHAbcNA,Passage3,A,10000.0,fluNA,viral_barcode_fastqs,22-Passage3-bcHAbcNA-NA_S28_L001_R1_001.fastq.gz
16835,11,AATCGCCTTGGCCACT,1893,22_Passage3_bcHAbcNA_NA,22,bcHAbcNA,Passage3,A,10000.0,fluNA,viral_barcode_fastqs,22-Passage3-bcHAbcNA-NA_S28_L001_R1_001.fastq.gz
16836,12,AAACAATTGATAGATC,1585,22_Passage3_bcHAbcNA_NA,22,bcHAbcNA,Passage3,A,10000.0,fluNA,viral_barcode_fastqs,22-Passage3-bcHAbcNA-NA_S28_L001_R1_001.fastq.gz
16837,13,CCTGACATGGGCTATA,1227,22_Passage3_bcHAbcNA_NA,22,bcHAbcNA,Passage3,A,10000.0,fluNA,viral_barcode_fastqs,22-Passage3-bcHAbcNA-NA_S28_L001_R1_001.fastq.gz
16838,14,TATCATTACAACGACG,423,22_Passage3_bcHAbcNA_NA,22,bcHAbcNA,Passage3,A,10000.0,fluNA,viral_barcode_fastqs,22-Passage3-bcHAbcNA-NA_S28_L001_R1_001.fastq.gz
16844,20,ACAACCTTATACTCCA,110,22_Passage3_bcHAbcNA_NA,22,bcHAbcNA,Passage3,A,10000.0,fluNA,viral_barcode_fastqs,22-Passage3-bcHAbcNA-NA_S28_L001_R1_001.fastq.gz
16896,72,GTCATTTGACCCAGGT,27,22_Passage3_bcHAbcNA_NA,22,bcHAbcNA,Passage3,A,10000.0,fluNA,viral_barcode_fastqs,22-Passage3-bcHAbcNA-NA_S28_L001_R1_001.fastq.gz
16897,73,AGAATGGATTTCAGTG,26,22_Passage3_bcHAbcNA_NA,22,bcHAbcNA,Passage3,A,10000.0,fluNA,viral_barcode_fastqs,22-Passage3-bcHAbcNA-NA_S28_L001_R1_001.fastq.gz
17347,0,TTAATTTTAAATACTG,230743,23_Passage3_bcHAbcNA_NA,23,bcHAbcNA,Passage3,B,10000.0,fluNA,viral_barcode_fastqs,23-Passage3-bcHAbcNA-NA_S29_L001_R1_001.fastq.gz
17348,1,GGATTCTTGAATTTGC,114118,23_Passage3_bcHAbcNA_NA,23,bcHAbcNA,Passage3,B,10000.0,fluNA,viral_barcode_fastqs,23-Passage3-bcHAbcNA-NA_S29_L001_R1_001.fastq.gz
17349,2,ATACCTATTTTCTACC,113716,23_Passage3_bcHAbcNA_NA,23,bcHAbcNA,Passage3,B,10000.0,fluNA,viral_barcode_fastqs,23-Passage3-bcHAbcNA-NA_S29_L001_R1_001.fastq.gz
17350,3,GGGGTTTCGTACTCCA,76501,23_Passage3_bcHAbcNA_NA,23,bcHAbcNA,Passage3,B,10000.0,fluNA,viral_barcode_fastqs,23-Passage3-bcHAbcNA-NA_S29_L001_R1_001.fastq.gz
17351,4,CTGAAACGCTAGGGGT,71779,23_Passage3_bcHAbcNA_NA,23,bcHAbcNA,Passage3,B,10000.0,fluNA,viral_barcode_fastqs,23-Passage3-bcHAbcNA-NA_S29_L001_R1_001.fastq.gz
17352,5,GAACGGGATGGCTTGA,51750,23_Passage3_bcHAbcNA_NA,23,bcHAbcNA,Passage3,B,10000.0,fluNA,viral_barcode_fastqs,23-Passage3-bcHAbcNA-NA_S29_L001_R1_001.fastq.gz
17353,6,CAACGAATTCTTTCAA,44406,23_Passage3_bcHAbcNA_NA,23,bcHAbcNA,Passage3,B,10000.0,fluNA,viral_barcode_fastqs,23-Passage3-bcHAbcNA-NA_S29_L001_R1_001.fastq.gz
17354,7,CCCGGTTGGAGCAAAT,31558,23_Passage3_bcHAbcNA_NA,23,bcHAbcNA,Passage3,B,10000.0,fluNA,viral_barcode_fastqs,23-Passage3-bcHAbcNA-NA_S29_L001_R1_001.fastq.gz
17355,8,CAGAAAGCTTGTTCAC,8566,23_Passage3_bcHAbcNA_NA,23,bcHAbcNA,Passage3,B,10000.0,fluNA,viral_barcode_fastqs,23-Passage3-bcHAbcNA-NA_S29_L001_R1_001.fastq.gz
17356,9,AATCGCCTTGGCCACT,4400,23_Passage3_bcHAbcNA_NA,23,bcHAbcNA,Passage3,B,10000.0,fluNA,viral_barcode_fastqs,23-Passage3-bcHAbcNA-NA_S29_L001_R1_001.fastq.gz
17357,10,CCTAGTCTGTACTACT,3358,23_Passage3_bcHAbcNA_NA,23,bcHAbcNA,Passage3,B,10000.0,fluNA,viral_barcode_fastqs,23-Passage3-bcHAbcNA-NA_S29_L001_R1_001.fastq.gz
17358,11,CGGGATATTTAATACA,3187,23_Passage3_bcHAbcNA_NA,23,bcHAbcNA,Passage3,B,10000.0,fluNA,viral_barcode_fastqs,23-Passage3-bcHAbcNA-NA_S29_L001_R1_001.fastq.gz
17359,12,CCTGACATGGGCTATA,2339,23_Passage3_bcHAbcNA_NA,23,bcHAbcNA,Passage3,B,10000.0,fluNA,viral_barcode_fastqs,23-Passage3-bcHAbcNA-NA_S29_L001_R1_001.fastq.gz
17360,13,TATCATTACAACGACG,1932,23_Passage3_bcHAbcNA_NA,23,bcHAbcNA,Passage3,B,10000.0,fluNA,viral_barcode_fastqs,23-Passage3-bcHAbcNA-NA_S29_L001_R1_001.fastq.gz
17361,14,AAACAATTGATAGATC,1645,23_Passage3_bcHAbcNA_NA,23,bcHAbcNA,Passage3,B,10000.0,fluNA,viral_barcode_fastqs,23-Passage3-bcHAbcNA-NA_S29_L001_R1_001.fastq.gz
17362,15,ACAACCTTATACTCCA,1086,23_Passage3_bcHAbcNA_NA,23,bcHAbcNA,Passage3,B,10000.0,fluNA,viral_barcode_fastqs,23-Passage3-bcHAbcNA-NA_S29_L001_R1_001.fastq.gz
17363,16,AGAATGGATTTCAGTG,345,23_Passage3_bcHAbcNA_NA,23,bcHAbcNA,Passage3,B,10000.0,fluNA,viral_barcode_fastqs,23-Passage3-bcHAbcNA-NA_S29_L001_R1_001.fastq.gz
17898,551,GTCATTTGACCCAGGT,1,23_Passage3_bcHAbcNA_NA,23,bcHAbcNA,Passage3,B,10000.0,fluNA,viral_barcode_fastqs,23-Passage3-bcHAbcNA-NA_S29_L001_R1_001.fastq.gz
17926,0,TTAATTTTAAATACTG,235119,2_Plasmid_bcNA_NA,2,bcNA,Plasmid,None,,fluNA,viral_barcode_fastqs,2-Plasmid-bcNA-NA_S30_L001_R1_001.fastq.gz
17927,1,ATACCTATTTTCTACC,96604,2_Plasmid_bcNA_NA,2,bcNA,Plasmid,None,,fluNA,viral_barcode_fastqs,2-Plasmid-bcNA-NA_S30_L001_R1_001.fastq.gz
17928,2,GGGGTTTCGTACTCCA,82273,2_Plasmid_bcNA_NA,2,bcNA,Plasmid,None,,fluNA,viral_barcode_fastqs,2-Plasmid-bcNA-NA_S30_L001_R1_001.fastq.gz
17929,3,GGATTCTTGAATTTGC,72235,2_Plasmid_bcNA_NA,2,bcNA,Plasmid,None,,fluNA,viral_barcode_fastqs,2-Plasmid-bcNA-NA_S30_L001_R1_001.fastq.gz
17930,4,GAACGGGATGGCTTGA,63145,2_Plasmid_bcNA_NA,2,bcNA,Plasmid,None,,fluNA,viral_barcode_fastqs,2-Plasmid-bcNA-NA_S30_L001_R1_001.fastq.gz
17931,5,CTGAAACGCTAGGGGT,46691,2_Plasmid_bcNA_NA,2,bcNA,Plasmid,None,,fluNA,viral_barcode_fastqs,2-Plasmid-bcNA-NA_S30_L001_R1_001.fastq.gz
17932,6,CCCGGTTGGAGCAAAT,29814,2_Plasmid_bcNA_NA,2,bcNA,Plasmid,None,,fluNA,viral_barcode_fastqs,2-Plasmid-bcNA-NA_S30_L001_R1_001.fastq.gz
17933,7,CAACGAATTCTTTCAA,25067,2_Plasmid_bcNA_NA,2,bcNA,Plasmid,None,,fluNA,viral_barcode_fastqs,2-Plasmid-bcNA-NA_S30_L001_R1_001.fastq.gz
17934,8,CCTAGTCTGTACTACT,13837,2_Plasmid_bcNA_NA,2,bcNA,Plasmid,None,,fluNA,viral_barcode_fastqs,2-Plasmid-bcNA-NA_S30_L001_R1_001.fastq.gz
17935,9,CAGAAAGCTTGTTCAC,12219,2_Plasmid_bcNA_NA,2,bcNA,Plasmid,None,,fluNA,viral_barcode_fastqs,2-Plasmid-bcNA-NA_S30_L001_R1_001.fastq.gz
17936,10,CCTGACATGGGCTATA,7540,2_Plasmid_bcNA_NA,2,bcNA,Plasmid,None,,fluNA,viral_barcode_fastqs,2-Plasmid-bcNA-NA_S30_L001_R1_001.fastq.gz
17937,11,AAACAATTGATAGATC,6181,2_Plasmid_bcNA_NA,2,bcNA,Plasmid,None,,fluNA,viral_barcode_fastqs,2-Plasmid-bcNA-NA_S30_L001_R1_001.fastq.gz
17938,12,CGGGATATTTAATACA,5549,2_Plasmid_bcNA_NA,2,bcNA,Plasmid,None,,fluNA,viral_barcode_fastqs,2-Plasmid-bcNA-NA_S30_L001_R1_001.fastq.gz
17939,13,TATCATTACAACGACG,3839,2_Plasmid_bcNA_NA,2,bcNA,Plasmid,None,,fluNA,viral_barcode_fastqs,2-Plasmid-bcNA-NA_S30_L001_R1_001.fastq.gz
17940,14,AGAATGGATTTCAGTG,3562,2_Plasmid_bcNA_NA,2,bcNA,Plasmid,None,,fluNA,viral_barcode_fastqs,2-Plasmid-bcNA-NA_S30_L001_R1_001.fastq.gz
17941,15,AATCGCCTTGGCCACT,3008,2_Plasmid_bcNA_NA,2,bcNA,Plasmid,None,,fluNA,viral_barcode_fastqs,2-Plasmid-bcNA-NA_S30_L001_R1_001.fastq.gz
17942,16,GTCATTTGACCCAGGT,2985,2_Plasmid_bcNA_NA,2,bcNA,Plasmid,None,,fluNA,viral_barcode_fastqs,2-Plasmid-bcNA-NA_S30_L001_R1_001.fastq.gz
17943,17,ACAACCTTATACTCCA,2409,2_Plasmid_bcNA_NA,2,bcNA,Plasmid,None,,fluNA,viral_barcode_fastqs,2-Plasmid-bcNA-NA_S30_L001_R1_001.fastq.gz
